,source,author,title,description,url,urlToImage,publishedAt,content
0,"{'id': 'abc-news', 'name': 'ABC News'}",The Associated Press,How major US stock indexes fared Friday,Stocks ended a wobbly day with mixed results on Wall Street,https://abcnews.go.com/Business/wireStory/major-us-stock-indexes-fared-friday-77835436,null,2021-05-21T20:18:28Z,"Stocks ended a wobbly day with mixed results on Wall Street. The S&amp;P 500 index gave up an early gain and ended 0.1% lower Friday, giving the benchmark index its second losing week in a row.
Loss… [+983 chars]"
1,"{'id': 'abc-news', 'name': 'ABC News'}",The Associated Press,Lady Gaga says rape at 19 led to a 'total psychotic break',"Lady Gaga says she got pregnant at 19 after being raped by a music producer early in her career, a trauma that triggered a “total psychotic break.”",https://abcnews.go.com/Entertainment/wireStory/lady-gaga-rape-19-led-total-psychotic-break-77827783,https://s.abcnews.com/images/Lifestyle/WireAP_3d29715f649f4c1785acd36052e5a984_16x9_992.jpg,2021-05-21T14:26:30Z,"Lady Gaga says she got pregnant at 19 after being raped by a music producer early in her career, a trauma that triggered a total psychotic break.
The singer-songwriter opened up about the ordeal on … [+779 chars]"
2,"{'id': 'abc-news', 'name': 'ABC News'}",ELAINE KURTENBACH AP Business Writer,Asian stocks mixed after Wall St rebound breaks 3-day slump,Asian shares are mixed after a rebound on Wall Street broke a three-day losing streak,https://abcnews.go.com/Business/wireStory/asian-stocks-mixed-wall-st-rebound-breaks-day-77821506,https://s.abcnews.com/images/Business/WireAP_685056092817405d95799bf660809c39_16x9_992.jpg,2021-05-21T06:48:47Z,"BANGKOK -- Asian shares were mixed Friday after a rebound on Wall Street broke a three-day losing streak.
Benchmarks rose in Tokyo, Taipei and Sydney but fell in Hong Kong and Shanghai.
Investors w… [+3642 chars]"
3,"{'id': 'abc-news', 'name': 'ABC News'}",MICHAEL LIEDTKE AP Technology Writer,Apple brings CEO Tim Cook to court in defense of app store,Apple CEO Tim Cook will take the witness stand Friday to defend the company’s iPhone app store against charges that it has grown into an illegal monopoly — one far more profitable than his predecessor Steve Jobs ever envisioned,https://abcnews.go.com/Business/wireStory/apple-brings-ceo-tim-cook-court-defense-app-77820424,https://s.abcnews.com/images/Technology/WireAP_f0e611c5999043bd86f6a4bf16f15aff_16x9_992.jpg,2021-05-21T04:16:17Z,"SAN RAMON, Calif. -- Apple CEO Tim Cook will take the witness stand Friday to defend the company's iPhone app store against charges that it has grown into an illegal monopoly one far more profitable … [+4448 chars]"
4,"{'id': 'abc-news', 'name': 'ABC News'}",MICHAEL LIEDTKE AP Technology Writer,Apple brings CEO Tim Cook to court in defense of app store,Apple CEO Tim Cook will take the witness stand Friday to defend the company’s iPhone app store against charges that it has grown into an illegal monopoly — one far more profitable than his predecessor Steve Jobs ever envisioned,https://abcnews.go.com/Technology/wireStory/apple-brings-ceo-tim-cook-court-defense-app-77820156,https://s.abcnews.com/images/Technology/WireAP_f0e611c5999043bd86f6a4bf16f15aff_16x9_992.jpg,2021-05-21T04:16:00Z,"SAN RAMON, Calif. -- Apple CEO Tim Cook will take the witness stand Friday to defend the company's iPhone app store against charges that it has grown into an illegal monopoly one far more profitable … [+4448 chars]"
5,"{'id': 'abc-news', 'name': 'ABC News'}",Thomas Smith,Disney PhotoPass Service x Snap: Announcing New PhotoPass Snapchat Lenses and Can’t-Miss Surprises for the Walt Disney World 50th Anniversary!,"Disney PhotoPass Service is teaming up with Snap to show you Walt Disney World Resort in a whole new way, with magical augmented reality experiences to share with your friends and family – and featuring some of your favorite Disney characters.",https://disneyparks.disney.go.com/blog/2021/05/disney-photopass-service-x-snap-announcing-new-photopass-snapchat-lenses-and-cant-miss-surprises-for-the-walt-disney-world-50th-anniversary/,https://cdn1.parksmedia.wdprapps.disney.com/media/blog/wp-content/uploads/2021/05/ssc0294802938402948203984520354.jpg,2021-05-20T17:35:50Z,"Disney PhotoPass Service is teaming up with Snap to show you Walt Disney World Resort in a whole new way, with magical augmented reality experiences to share with your friends and family and featurin… [+3503 chars]"
6,"{'id': 'abc-news', 'name': 'ABC News'}",Thomas Smith,Celebrate 25 Years of Fantasia Gardens with a Tee-rific Disney Digital Wallpaper,"Today marks the 25th anniversary of un-fore-gettable fun golfing adventures at Fantasia Gardens at Walt Disney World Resort. And to celebrate this one-of-a-kind golf experience inspired by Walt Disney’s classic animated film “Fantasia” - we’re sharing a new, …",https://disneyparks.disney.go.com/blog/2021/05/celebrate-25-years-of-fantasia-gardens-with-a-tee-rific-disney-digital-wallpaper/,https://cdn1.parksmedia.wdprapps.disney.com/media/blog/wp-content/uploads/2021/05/u2ytrgywe6t87yiu2oj4r.jpg,2021-05-20T15:00:49Z,Today marks the 25th anniversary of un-fore-gettable fun golfing adventures at Fantasia Gardens at Walt Disney World Resort. And to celebrate this one-of-a-kind golf experience inspired by Walt Disne… [+1079 chars]
7,"{'id': 'abc-news', 'name': 'ABC News'}",DAVID BAUDER AP Entertainment Writer,"Streaming series shows collision of music, history in 1971","A new Apple TV+ series makes the case, at some length, that 1971 was a landmark year in how popular music reflected the tumultuous times",https://abcnews.go.com/Entertainment/wireStory/streaming-series-shows-collision-music-history-1971-77801855,https://s.abcnews.com/images/Entertainment/WireAP_96ee23b6ff7742d1a5f99eee4ecb533e_16x9_992.jpg,2021-05-20T13:54:11Z,"NEW YORK -- Chrissie Hynde wouldn't make her own mark in music until a few years later, but her memories of how 1971's daily soundtrack was tied to the times remain vivid.
Music said something, the … [+3638 chars]"
8,"{'id': 'abc-news', 'name': 'ABC News'}",The Associated Press,Today in History,"Today in History 

Today is Thursday, May 20, the 140th day of 2021. There are 225 days left in the year. 

Today’s Highlight in History: 

On May 20, 1927, Charles Lindbergh took off from Roosevelt Field on Long Island, New York, aboard the Spirit of St. Lou…",https://abcnews.go.com/US/wireStory/today-history-77795437,null,2021-05-20T04:01:00Z,"Today in History
Today is Thursday, May 20, the 140th day of 2021. There are 225 days left in the year.
Todays Highlight in History:
On May 20, 1927, Charles Lindbergh took off from Roosevelt Fiel… [+4509 chars]"
9,"{'id': 'abc-news', 'name': 'ABC News'}",MICHAEL LIEDTKE AP Technology Writer,Apple CEO Tim Cook to testify Friday as Epic trial nears end,Apple CEO Tim Cook will take the witness stand on Friday in a high-stakes courtroom battle,https://abcnews.go.com/Business/wireStory/apple-ceo-tim-cook-testify-friday-epic-trial-77785919,https://s.abcnews.com/images/Technology/WireAP_7b42223ca2294a0f9ef292f99b401e87_16x9_992.jpg,2021-05-19T18:32:01Z,"SAN RAMON, Calif -- Apple CEO Tim Cook will take the witness stand this Friday in a high-stakes courtroom battle over the lucrative commissions the iPhone maker has been raking in from its mobile app… [+3044 chars]"
10,"{'id': 'abc-news', 'name': 'ABC News'}",MICHAEL LIEDTKE AP Technology Writer,Apple CEO Tim Cook to testify Friday as Epic trial nears end,Apple CEO Tim Cook will take the witness stand on Friday in a high-stakes courtroom battle,https://abcnews.go.com/Technology/wireStory/apple-ceo-tim-cook-testify-friday-epic-trial-77785695,https://s.abcnews.com/images/Technology/WireAP_7b42223ca2294a0f9ef292f99b401e87_16x9_992.jpg,2021-05-19T18:31:46Z,"SAN RAMON, Calif -- Apple CEO Tim Cook will take the witness stand this Friday in a high-stakes courtroom battle over the lucrative commissions the iPhone maker has been raking in from its mobile app… [+3044 chars]"
11,"{'id': 'abc-news', 'name': 'ABC News'}",The Associated Press,"Summer Movie Calendar, from 'Cruella' to 'The Suicide Squad'","Films delayed for a year or more by the pandemic are getting a shot at the summer spotlight, starting with “A Quiet Place Part II” and “Cruella” at the end of May",https://abcnews.go.com/Entertainment/wireStory/summer-movie-calendar-cruella-suicide-squad-77778487,https://s.abcnews.com/images/Entertainment/WireAP_9fd9d42d4d35412c8f1f74a5ed162625_16x9_992.jpg,2021-05-19T13:33:06Z,"A rundown of notable films coming out this summer:
May 28
A Quiet Place Part II (Theaters): In this sequel to John Krasinskis 2018 hit, the Abbott family (Emily Blunt, Millicent Simmonds, Noah Jupe… [+9545 chars]"
12,"{'id': 'abc-news', 'name': 'ABC News'}",YURI KAGEYAMA AP Business Writer,Asian shares track Wall St decline; bitcoin sinks,"Asian shares are falling, tracking a decline on Wall Street led by big technology stocks",https://abcnews.go.com/Business/wireStory/asian-shares-track-wall-st-decline-bitcoin-sinks-77773674,https://s.abcnews.com/images/Business/WireAP_2c1caadb8fa04c6abfc440b302468669_16x9_992.jpg,2021-05-19T07:13:16Z,"TOKYO -- Asian shares fell Wednesday, tracking a decline on Wall Street that was led by big technology stocks. The price of bitcoin plunged again after the China Banking Association warned of risks a… [+5165 chars]"
13,"{'id': 'abc-news', 'name': 'ABC News'}",JOE McDONALD AP Business Writer,Netflix criticized by Chinese online over use of Taiwan flag,Chinese online nationalism has a new target: Netflix and its popular Thai drama “Girl from Nowhere.”,https://abcnews.go.com/Business/wireStory/netflix-criticized-chinese-online-taiwan-flag-77773331,null,2021-05-19T06:38:15Z,"BEIJING -- Chinese nationalism on the internet has a new target: Netflix and its popular Thai drama Girl from Nowhere.
Comments online Wednesday complained the series Facebook page showed the flags … [+3295 chars]"
14,"{'id': 'abc-news', 'name': 'ABC News'}",JOE McDONALD AP Business Writer,Netflix criticized by Chinese online over use of Taiwan flag,Chinese online nationalism has a new target: Netflix and its popular Thai drama “Girl from Nowhere.”,https://abcnews.go.com/Entertainment/wireStory/netflix-criticized-chinese-online-taiwan-flag-77773330,null,2021-05-19T06:38:00Z,"BEIJING -- Chinese nationalism on the internet has a new target: Netflix and its popular Thai drama Girl from Nowhere.
Comments online Wednesday complained the series Facebook page showed the flags … [+3295 chars]"
15,"{'id': 'abc-news', 'name': 'ABC News'}",JENNIFER PELTZ Associated Press,'City in transition': New York vies to turn page on pandemic,"More than a year after coronavirus shutdowns sent “the city that never sleeps” into a fitful slumber, New York could soon be wide awake again",https://abcnews.go.com/Health/wireStory/city-transition-york-vies-turn-page-pandemic-77771555,https://s.abcnews.com/images/Health/WireAP_7d68423c47ec40dd8b39275453fe0e39_16x9_992.jpg,2021-05-19T04:20:13Z,"NEW YORK -- More than a year after coronavirus shutdowns sent the city that never sleeps into a fitful slumber, New York could be wide awake again this summer.
Starting Wednesday, vaccinated New Yor… [+5516 chars]"
16,"{'id': 'abc-news', 'name': 'ABC News'}",The Associated Press,How major US stock indexes fared Tuesday,An afternoon drop led by big technology stocks left major market indexes broadly lower on Wall Street Tuesday,https://abcnews.go.com/Business/wireStory/major-us-stock-indexes-fared-tuesday-77763580,null,2021-05-18T20:23:00Z,"An afternoon drop led by big technology stocks left major market indexes broadly lower on Wall Street Tuesday.
The S&amp;P 500 lost 0.9%, with most of those losses coming in the last hour of trading… [+1036 chars]"
17,"{'id': 'abc-news', 'name': 'ABC News'}",The Associated Press,The top 10 books on the Apple Store,US-Apple-Books-Top-10 for week ending 5/16/2021,https://abcnews.go.com/Entertainment/wireStory/top-10-books-apple-store-77758503,null,2021-05-18T16:48:28Z,"Book Title by Author Name - ISBN - (Publisher)
1. The Last Thing He Told Me by Laura Dave - 9781501171369 - (Simon &amp; Schuster)
2. That Summer by Jennifer Weiner - 9781501133565 - (Atria Books)… [+652 chars]"
18,"{'id': 'abc-news', 'name': 'ABC News'}",The Associated Press,The top iPhone and iPad apps on App Store,The top iPhone and iPad apps on Apple App Store for week ending  5/16/21,https://abcnews.go.com/Technology/wireStory/top-iphone-ipad-apps-app-store-77758435,null,2021-05-18T16:45:43Z,"Top Paid iPhone Apps:
1. Minecraft, Mojang
2. HotSchedules, HotSchedules
3. Bloons TD 6, Ninja Kiwi
4. Geometry Dash, RobTop Games AB
5. Heads Up!, Warner Bros.
6. Procreate Pocket, Savage Inte… [+1301 chars]"
19,"{'id': 'abc-news', 'name': 'ABC News'}",LINDSEY BAHR AP Film Writer,Review: Krasinski's ‘A Quiet Place 2’ offers fresh thrills,"John Kraskinski writes and directs the sequel to his nearly silent thriller “A Quiet Place,” although this time he only cameos in a flashback",https://abcnews.go.com/Entertainment/wireStory/review-krasinski-offers-fresh-thrills-quiet-place-77756286,https://s.abcnews.com/images/Entertainment/WireAP_cc2f9de6bcb74aefbd78f2d69eb66512_16x9_992.jpg,2021-05-18T15:04:59Z,"John Krasinski catches you off guard in the first moment of A Quiet Place Part II, inviting you into his film with the most terrifying thing of all in this universe: Noise. Its a testament to the eff… [+3589 chars]"
20,"{'id': 'business-insider', 'name': 'Business Insider'}",insider@insider.com (Meira Gebel),The 5 best free email account services you can use online,"The best free email accounts, like Gmail and Microsoft Outlook, offer users reliable and easy-to-use features.",https://www.businessinsider.com/free-email-accounts,https://i.insider.com/60a6b760e25d05001880cbf0?width=1200&format=jpeg,2021-05-21T22:38:40Z,"In the early days of the internet, it seemed like there were thousands of free email service providers. Since then, a select few have dominated the space thanks to their reliable features, customizab… [+7144 chars]"
21,"{'id': 'business-insider', 'name': 'Business Insider'}",insider@insider.com (Ben Blanchet),'Marvel's M.O.D.O.K' stars Patton Oswalt as a comic book villain - all 10 episodes of the animated series are now on Hulu,"""M.O.D.O.K."" offers a comedic look at a Marvel supervillain's professional and personal conflicts. You can watch the first season on Hulu right now.",https://www.businessinsider.com/how-to-watch-marvels-modok,https://i.insider.com/60a6ca83f27b4c0019445be3?width=1200&format=jpeg,2021-05-21T20:45:37Z,"If you buy through our links, we may earn money from affiliate partners. Learn more.
It's tough being a villain, especially for M.O.D.O.K., who struggles to balance world domination and family life … [+1742 chars]"
22,"{'id': 'business-insider', 'name': 'Business Insider'}",Katie Canales,Business leaders like Snap's Evan Spiegel and Barry Diller are conflicted about the App Store as Tim Cook takes the stand (AAPL),"Summary List PlacementBusiness figures are split on Apple as CEO Tim Cook testifies in an antitrust trial focused on the App Store.
In separate interviews with CNBC on Friday, Snap CEO Evan Spiegel and Expedia Chairman Barry Diller came out swinging for and a…",https://www.businessinsider.com/apple-epic-trial-snapchat-evan-spiegel-expedia-barry-diller-app-store-2021-5,https://i.insider.com/60a7e7a2e25d05001880ce3f?width=1200&format=jpeg,2021-05-21T17:41:28Z,"Business figures are split on Apple as CEO Tim Cook testifies in an antitrust trial focused on the App Store.
In separate interviews with CNBC on Friday, Snap CEO Evan Spiegel and Expedia Chairman B… [+1850 chars]"
23,"{'id': 'business-insider', 'name': 'Business Insider'}",Ben Blanchet,"'Army of the Dead,' director Zack Snyder's new zombie film, is now streaming exclusively on Netflix","Summary List PlacementMonthly Subscription (small)Gift Card (small)As zombies take over the world, a group of soldiers tries to pull off a heist in ""Army of the Dead."" You can stream the movie at home right now with a Netflix subscription. 
The film comes fro…",https://www.businessinsider.com/where-to-watch-army-of-the-dead,https://i.insider.com/60a6c4c9f27b4c0019445bbd?width=1200&format=jpeg,2021-05-21T17:41:08Z,"If you buy through our links, we may earn money from affiliate partners. Learn more.
As zombies take over the world, a group of soldiers tries to pull off a heist in ""Army of the Dead."" You can stre… [+1645 chars]"
24,"{'id': 'business-insider', 'name': 'Business Insider'}",Alicia Phaneuf,5 examples of popular wearable devices in healthcare,"Summary List PlacementThe pandemic expedited wearable technology adoption and heightened the role it plays in healthcare. Wearables usage was already rising pre-pandemic as consumers gravitated to the idea of monitoring their own health, and it continued to s…",https://www.businessinsider.com/5-examples-wearable-healthcare-devices-2021-5,https://i.insider.com/5fdcdaf4c910a400192e852f?width=1200&format=jpeg,2021-05-21T14:58:00Z,The pandemic expedited wearable technology adoption and heightened the role it plays in healthcare. Wearables usage was already rising pre-pandemic as consumers gravitated to the idea of monitoring t… [+6184 chars]
25,"{'id': 'business-insider', 'name': 'Business Insider'}",insider@insider.com (Ben Gilbert),Tim Cook is making a rare appearance to defend his company under oath,"Apple CEO Tim Cook is making a rare court appearance as a sworn witness in defense of Apple in the lawsuit brought by ""Fortnite"" maker Epic Games.",https://www.businessinsider.com/tim-cook-testifies-in-apple-epic-games-trial-today-2021-5,https://i.insider.com/60a7c80af27b4c0019445d8b?width=1200&format=jpeg,2021-05-21T14:47:46Z,"Apple CEO Tim Cook on Friday is scheduled to take the stand, under oath, as a witness in defense of the company he runs, as Apple and the maker of ""Fortnite"" are currently at war in a California cour… [+3047 chars]"
26,"{'id': 'business-insider', 'name': 'Business Insider'}",insider@insider.com (INSIDER),Top Stories this AM: Gaga says she was left 'pregnant on a corner'; McCarthy flip-flops; Gaza celebrates ceasefire,"Lady Gaga spoke about being raped at 19 years old in Apple TV+'s ""The Me You Can't See.""",https://www.businessinsider.com/latest-news-gaga-rape-abuse-gaza-celebrates-israel-hamas-ceasefire-2021-5,https://i.insider.com/60a75782e25d05001880cca1?width=1200&format=jpeg,2021-05-21T11:00:00Z,"Good morning and welcome to your weekday morning roundup of the top stories you need to know.
For more daily and weekly briefings, sign up for our newsletters here.
What's going on today:
<ul><li>… [+1641 chars]"
27,"{'id': 'business-insider', 'name': 'Business Insider'}",Anna Cooban,4 Republican lawmakers accuse Apple of being 'a pawn in China's malfeasance' over customer data in a letter to CEO Tim Cook,"Summary List PlacementFour US House Representatives have criticized what they call Apple's ""gradual and near-total capitulation"" to China over access to its customer's data, and called on CEO Tim Cook to reassess Apple's business dealings with the country. 
R…",https://www.businessinsider.com/apple-chinas-customer-data-tim-cook-letter-republican-lawmakers-2021-5,https://i.insider.com/60a78324f27b4c0019445cad?width=1200&format=jpeg,2021-05-21T10:50:20Z,"Four US House Representatives have criticized what they call Apple's ""gradual and near-total capitulation"" to China over access to its customer's data, and called on CEO Tim Cook to reassess Apple's … [+1652 chars]"
28,"{'id': 'business-insider', 'name': 'Business Insider'}",tmohamed@businessinsider.com (Theron Mohamed),Warren Buffett's right-hand man called Al Gore an 'idiot.' The former vice-president's firm bought the same 2 stocks as Buffett and Charlie Munger last quarter.,Gore's Generation and Buffett's Berkshire Hathaway both invested in Aon last quarter. Generation and Munger's Daily Journal both bought Alibaba too.,https://markets.businessinsider.com/news/stocks/warren-buffett-charlie-munger-al-gore-idiot-alibaba-aon-stocks-2021-5-1030454484,https://images2.markets.businessinsider.com/60a7870ef27b4c0019445cb1?format=jpeg,2021-05-21T10:28:46Z,"Al Gore.
Lehtikuva/Vesa Moilanen/Reuters
<ul><li>Warren Buffett's business partner, Charlie Munger, mocked Al Gore's intelligence in 2017.</li><li>Gore's Generation firm and Munger's Daily Journal … [+1978 chars]"
29,"{'id': 'business-insider', 'name': 'Business Insider'}",Tyler Sonnemaker,"Nearly 1,000 Apple employees sign letter calling on Tim Cook to issue statement supporting Palestinians (AAPL)","Summary List PlacementNearly 1,000 Apple employees have signed an internal letter to CEO Tim Cook urging the company to issue a public statement in support of the Palestinian people, The Verge reported Thursday.
""We are frustrated and disappointed because onc…",https://www.businessinsider.com/apple-employees-ask-tim-cook-to-publicly-support-palestinians-report-2021-5,https://i.insider.com/60a6d555f27b4c0019445c27?width=1200&format=jpeg,2021-05-20T22:23:24Z,"Nearly 1,000 Apple employees have signed an internal letter to CEO Tim Cook urging the company to issue a public statement in support of the Palestinian people, The Verge reported Thursday.
""We are … [+1743 chars]"
30,"{'id': 'business-insider', 'name': 'Business Insider'}",Meira Gebel and Grace Eliza Goodwin,"How to turn on and use AirPlay on a Mac, for screen mirroring on larger displays like a smart TV","Summary List PlacementAirPlay is a great way to share content between Apple devices, and even to non-Apple devices that are AirPlay-compatible like many smart TVs. 
With AirPlay on Mac, you can share music, photos, videos, or just mirror your entire computer …",https://www.businessinsider.com/airplay-mac,https://i.insider.com/60a6d746f27b4c0019445c29?width=1200&format=jpeg,2021-05-20T21:42:33Z,"AirPlay is a great way to share content between Apple devices, and even to non-Apple devices that are AirPlay-compatible like many smart TVs. 
With AirPlay on Mac, you can share music, photos, video… [+3826 chars]"
31,"{'id': 'business-insider', 'name': 'Business Insider'}",Katie Canales,Snap just unveiled new AR Spectacles glasses with built-in screens (SNAP),"Summary List PlacementSnapchat's parent company, Snap, on Thursday introduced its next-generation Spectacles product, the company's first pair of glasses that use augmented reality.
That means the wearer would be able to overlay anything they wanted to over t…",https://www.businessinsider.com/snap-spectacles-ar-glasses-augmented-reality-snapchat-2021-5,https://i.insider.com/60a6c279f27b4c0019445baf?width=1200&format=jpeg,2021-05-20T20:48:22Z,"Snapchat's parent company, Snap, on Thursday introduced its next-generation Spectacles product, the company's first pair of glasses that use augmented reality.
That means the wearer would be able to… [+1362 chars]"
32,"{'id': 'business-insider', 'name': 'Business Insider'}","Laura Grace Tarpley, CEPF",Navy Federal Credit Union review: Contact customer support 24/7 and receive ATM fee refunds,"Table of Contents: Masthead StickySummary List Placement 

The bottom line: Navy Federal Credit Union Share Savings Account
 is a good institution for people affiliated with the military. Its strongest features are probably its 24/7 live customer support and…",https://www.businessinsider.com/personal-finance/navy-federal-credit-union-banking-review,https://i.insider.com/6059f4c20d155e0019ef6287?width=1200&format=jpeg,2021-05-20T20:28:17Z,"Personal Finance Insider writes about products, strategies, and tips to help you make smart decisions with your money. We may receive a small commission from our partners, like American Express, but … [+5101 chars]"
33,"{'id': 'business-insider', 'name': 'Business Insider'}",insider@insider.com (Marguerite Ward),'I was screaming': Top CEOs reflect on the shocking death of George Floyd one year ago and how it changed their perception of being a business leader,JPMorgan's Jamie Dimon and other Fortune 500 leaders said Floyd's death marked a turning point in their careers.,https://www.businessinsider.com/jamie-dimon-ceos-george-floyd-is-changing-means-business-leader-2021-5,https://i.insider.com/60a67990e25d05001880ca83?width=1200&format=jpeg,2021-05-20T15:06:34Z,"While out on a road trip with her 23-year-old daughter in April, Lisa Ross squeezed the steering wheel as she listened to a radio station report on Derek Chauvin being tried for the murder of George … [+11070 chars]"
34,"{'id': 'business-insider', 'name': 'Business Insider'}",Ben Gilbert,"Viruses and malware on Mac computers have reached an 'unacceptable' level, according to Apple exec Craig Federighi (AAPL)","Summary List PlacementApple's computers, from its iconic iMac to the latest MacBook, are getting slammed by malware and viruses.
That's according to Apple senior VP Craig Federighi's sworn testimony given on Wednesday in a California court room. ""Today, we ha…",https://www.businessinsider.com/viruses-on-mac-computers-at-unacceptable-level-apple-says-2021-5,https://i.insider.com/60a66d53f27b4c001944595e?width=1200&format=jpeg,2021-05-20T14:32:21Z,"Apple's computers, from its iconic iMac to the latest MacBook, are getting slammed by 
 malware and viruses.
That's according to Apple senior VP Craig Federighi's sworn testimony given on Wednesday… [+2564 chars]"
35,"{'id': 'business-insider', 'name': 'Business Insider'}",Melia Russell,Initialized's Jen Wolf is moving up to become president of the early-stage VC firm. She reveals its strategy for winning deals as competition heats up.,"Summary List PlacementBefore Garry Tan had the Midas touch, he was Jen Wolf's intern.
But since then, the tables have turned a bit. For the past five years, Wolf has worked at Initialized Capital, the venture firm started by Tan, as head of operations. This w…",https://www.businessinsider.com/initialized-capital-promotes-jen-wolf-president-2021-5,https://i.insider.com/60a558bee25d05001880c842?width=1200&format=jpeg,2021-05-20T14:30:00Z,"Before Garry Tan had the Midas touch, he was Jen Wolf's intern.
But since then, the tables have turned a bit. For the past five years, Wolf has worked at Initialized Capital, the venture firm starte… [+3320 chars]"
36,"{'id': 'business-insider', 'name': 'Business Insider'}",aperelli@businessinsider.com (Amanda Perelli),Olivia Jade is rebuilding her influencer business after the college-admissions scandal,The top influencer news of the week includes how podcasters can make money using Patreon and inside a management firm focused on diverse talent.,https://www.businessinsider.com/influencer-news-olivia-jade-patreon-money-tiktok-brand-deals-2021-5,https://i.insider.com/60a55896f27b4c0019445693?width=1200&format=jpeg,2021-05-20T12:06:09Z,"Hi, this is Amanda Perelli and welcome back to Insider Influencers, our weekly rundown on the business of influencers, creators, and social-media platforms. Sign up for the newsletter here.
In this … [+6781 chars]"
37,"{'id': 'business-insider', 'name': 'Business Insider'}",Shona Ghosh,Read the letter by ByteDance's billionaire CEO explaining why he wants to leave the top job and 'keep exploring',"Summary List PlacementZhang Yiming, the millennial chief exec of TikTok parent company ByteDance, is to step away from the top job and hand the role over to cofounder and college friend Liang Rubo.
The move is an unusual one. Under Zhang's watch, TikTok's pop…",https://www.businessinsider.com/full-resignation-letter-bytedance-ceo-zhang-yiming-2021-5,https://i.insider.com/5f4954e87ffa48002894cef7?width=1200&format=jpeg,2021-05-20T10:26:26Z,"Zhang Yiming, the millennial chief exec of TikTok parent company ByteDance, is to step away from the top job and hand the role over to cofounder and college friend Liang Rubo.
The move is an unusual… [+7565 chars]"
38,"{'id': 'business-insider', 'name': 'Business Insider'}",Tim Levin,"Ford F-150 Lightning debuts with a $39,974 starting MSRP, up to 300 miles of range, and 563 horsepower (F)","Summary List PlacementFollowing years of speculation and anticipation, Ford on Wednesday took the wraps off of its debut all-electric pickup truck: the F-150 Lightning. 
The battery-powered version of America's favorite truck offers extra performance and some…",https://www.businessinsider.com/ford-f150-lightning-electric-revealed-price-specs-range-2021-5,https://i.insider.com/60a56fb4e25d05001880c8bf?width=1200&format=jpeg,2021-05-20T01:30:00Z,"Following years of speculation and anticipation, Ford on Wednesday took the wraps off of its debut all-electric pickup truck: the F-150 Lightning. 
The battery-powered version of America's favorite … [+3527 chars]"
39,"{'id': 'business-insider', 'name': 'Business Insider'}",William Antonelli,iPhones don't come with AirPods or EarPods — here's what comes with new iPhones,"Summary List PlacementApple's wireless AirPods are some of the most popular headphones in the world right now. However, they can be expensive — especially if you're looking for the new AirPods Max, which retails at nearly $550.
With how popular AirPods are, y…",https://www.businessinsider.com/do-iphones-come-with-airpods,https://i.insider.com/60a5701ff27b4c0019445720?width=1200&format=jpeg,2021-05-19T20:12:13Z,"Apple's wireless AirPods are some of the most popular headphones in the world right now. However, they can be expensive especially if you're looking for the new AirPods Max, which retails at nearly $… [+1733 chars]"
40,"{'id': 'financial-post', 'name': 'Financial Post'}",Reuters,Apple's Tim Cook takes stand to defend App Store at trial with 'Fortnite' maker - Financial Post,"<ol><li>Apple's Tim Cook takes stand to defend App Store at trial with 'Fortnite' maker  Financial Post
</li><li>Apple CEO to take the stand in Epic lawsuit that says App Store is an unfair monopoly  CBC.ca
</li><li>Apple CEO Tim Cook says 'threat profile' …",https://financialpost.com/pmn/business-pmn/apples-tim-cook-takes-stand-to-defend-app-store-at-trial-with-fortnite-maker,,2021-05-21T15:37:33Z,"Article content
Apple Inc Chief Executive Tim Cook on Friday took the witness stand to defend the App Store, a booming part of the iPhone makers business that Fortnite online game maker Epic Games s… [+4684 chars]"
41,"{'id': 'financial-post', 'name': 'Financial Post'}",Reuters,Snap to buy augmented reality company WaveOptics for over $500 mln - Regina Leader-Post,"<ol><li>Snap to buy augmented reality company WaveOptics for over $500 mln  Regina Leader-Post
</li><li>Snap unveils all-new Spectacles with built-in augmented reality  Yahoo Canada Finance
</li><li>Snap’s new Spectacles let you see the world in augmented r…",https://financialpost.com/pmn/business-pmn/snap-to-buy-augmented-reality-company-waveoptics-for-over-500-mln,,2021-05-21T14:53:38Z,"Snap Inc said Friday it will acquire WaveOptics Ltd, a British augmented reality (AR) technology company, for over $500 million.
The deal, first reported by The Verge and confirmed by a Snap spokesm… [+1044 chars]"
42,"{'id': 'financial-post', 'name': 'Financial Post'}",Reuters,"Snap plans new video editing app, augmented reality features - Financial Post","<ol><li>Snap plans new video editing app, augmented reality features  Financial Post
</li><li>Snap’s new Spectacles let you see the world in augmented reality  The Verge
</li><li>Snap's Story Studio is a 'powerful' mobile video editing app  Engadget
</li><…",https://financialpost.com/pmn/business-pmn/snap-plans-new-video-editing-app-augmented-reality-features,,2021-05-20T18:07:52Z,"Snap Inc, owner of photo messaging app Snapchat, announced Thursday it will launch a new standalone app later this year called Story Studio, with video editing tools to help users make professional-l… [+1255 chars]"
43,"{'id': 'financial-post', 'name': 'Financial Post'}",Gabriel Friedman,Myths about Canada's pandemic 'recession': Sprott School of Business' Ian Lee,"Across Canada, government debt is rising and is likely to continue to rise. What are the potential impacts and should we be concerned? 
 
 
 
 
 
 This week, on Down to Business, Ian Lee, an associate professor of Management at Carleton University’s Sprott Sc…",https://financialpost.com/news/economy/myths-about-canadas-pandemic-recession-sprott-school-of-business-ian-lee,https://smartcdn.prod.postmedia.digital/financialpost/wp-content/uploads/2021/05/recession0519.jpg,2021-05-19T11:00:53Z,"Article content
Across Canada, government debt is rising and is likely to continue to rise. What are the potential impacts and should we be concerned?
This week, on Down to Business, Ian Lee, an as… [+871 chars]"
44,"{'id': 'financial-post', 'name': 'Financial Post'}",Reuters,Apple's App Store chief kicks off iPhone maker's defense at Epic Games trial - Financial Post,"<ol><li>Apple's App Store chief kicks off iPhone maker's defense at Epic Games trial  Financial Post
</li><li>Parler returns to Apple App Store with some content excluded  The Verge
</li><li>Why Roblox’s definition of “games” is key to the Epic vs. Apple ca…",https://financialpost.com/pmn/business-pmn/apples-app-store-chief-kicks-off-iphone-makers-defense-at-epic-games-trial,,2021-05-17T18:35:19Z,"Article content
Apple Inc on Monday began its formal defense in an antitrust trial brought by Fortnite online game creator Epic Games, by calling its App Store chief Phil Schiller to the stand.
Sch… [+1942 chars]"
45,"{'id': 'financial-post', 'name': 'Financial Post'}",Reuters,"Parler returns to Apple's App Store, names new CEO - Financial Post","<ol><li>Parler returns to Apple's App Store, names new CEO  Financial Post
</li><li>Parler Returns to the App Store With Improved Moderation  MacRumors
</li><li>Social app Parler is cracking down on hate speech — but only on iPhones  The Washington Post
</…",https://financialpost.com/pmn/business-pmn/parler-returns-to-apples-app-store-names-new-ceo-2,,2021-05-17T16:29:16Z,"Article content
Parler, a social media app popular with U.S. conservatives, returned to Apple Incs App Store on Monday, after the iPhone maker dropped it following the deadly Jan. 6 riot at the U.S.… [+2223 chars]"
46,"{'id': 'financial-post', 'name': 'Financial Post'}",Reuters,"Amazon, Apple not to charge extra for lossless music - Financial Post","<ol><li>Amazon, Apple not to charge extra for lossless music  Financial Post
</li><li>Apple bringing Hi-Fi quality audio and Dolby Atmos to Apple Music  MobileSyrup
</li><li>Is Apple about to up its audio game with lossless Apple Music?  A Journal of Musica…",https://financialpost.com/pmn/business-pmn/amazon-apple-not-to-charge-extra-for-lossless-music,,2021-05-17T15:27:57Z,"Amazon.com Inc and Apple Inc will let users stream high-quality lossless audio at no extra charge, as they explore new ways to keep subscribers tuned in to their services amid intense competition.
A… [+831 chars]"
47,"{'id': 'google-news', 'name': 'Google News'}",B2b Growth: Your Daily B2b Marketing Podcast,B2B Growth: Your Daily B2B Marketing Podcast - Introducing a New Podcast: On the Whistle,"On the Whistle explores the impact that coaches, teachers and administrators from schools and youth organizations have on improving young people’s lives. Each episode features topics such as resilience, leadership, responsibility, and self-awareness as we exa…",https://podcasts.google.com/feed/aHR0cHM6Ly9mZWVkcy5zb3VuZGVyLmZtLzgwOTIvcnNzLnhtbA/episode/MTUwNjM3YzQtYmE3Ny00YmM4LWJkMzItYmU5OGFjOGJjOTQ5,https://encrypted-tbn2.gstatic.com/images?q=tbn:ANd9GcQM26dOMF_WWxSMcBZZc9uz2gwtDMkQD-uun0dhDAD_aapVhPf-,2021-05-21T14:51:40Z,"On the Whistle explores the impact that coaches, teachers and administrators from schools and youth organizations have on improving young peoples lives. Each episode features topics such as resilienc… [+404 chars]"
48,"{'id': 'reuters', 'name': 'Reuters'}","Medha Singh,Krystal Hu",U.S. stocks end mixed as Dow recovers on strong economic data - Reuters,"Wall Street closed mixed at the end of a volatile week of trading, with the Dow Jones Industrial Average being the only bright spot, as inflation concerns loom over growth names.",https://www.reuters.com/business/us-stocks-end-mixed-dow-recovers-strong-economic-data-2021-05-21/,https://www.reuters.com/resizer/kGxGDFM0_rLTWqIP2zxfhM5U4EQ=/1200x628/smart/cloudfront-us-east-2.images.arcpublishing.com/reuters/ZD5MAJ6DRNOEJIOOFUXJ2QJ7XQ.jpg,2021-05-21T20:57:00Z,"Wall Street closed mixed at the end of a volatile week of trading, with the Dow Jones Industrial Average being the only bright spot, as inflation concerns loom over growth names.
The Dow was lifted … [+3390 chars]"
49,"{'id': 'reuters', 'name': 'Reuters'}","Medha Singh,Krystal Hu",U.S. stocks end mixed as Dow extends recovery after strong economic data - Reuters,"Wall Street ended mixed on Friday, with inflation concerns looming at the end of a volatile week of trading.",https://www.reuters.com/business/us-stocks-end-mixed-dow-extends-recovery-after-strong-economic-data-2021-05-21/,,2021-05-21T20:05:00Z,"Wall Street ended mixed on Friday, with inflation concerns looming at the end of a volatile week of trading.
The Dow Jones Industrial Average rose with the help of Boeing (BA.N), which jumped as ind… [+2677 chars]"
50,"{'id': 'reuters', 'name': 'Reuters'}",Reuters,Lady Gaga tells of 'psychotic break' after rape at 19 left her pregnant - Reuters,"Lady Gaga said she suffered a ""psychotic break"" after being raped and made pregnant by a producer at age 19 as she was trying to get a foothold in the music industry.",https://www.reuters.com/business/media-telecom/lady-gaga-tells-psychotic-break-after-rape-19-left-her-pregnant-2021-05-21/,https://www.reuters.com/resizer/45OosdU2rmmi6j35CAKb7rZeym4=/1200x628/smart/cloudfront-us-east-2.images.arcpublishing.com/reuters/XL4TN2CE2VMOVA4JM2CEGJCXJA.jpg,2021-05-21T17:54:00Z,"Lady Gaga said she suffered a ""psychotic break"" after being raped and made pregnant by a producer at age 19 as she was trying to get a foothold in the music industry.
Gaga, now 35, gave details of t… [+1374 chars]"
51,"{'id': 'reuters', 'name': 'Reuters'}",Stephen Nellis,Apple's Tim Cook says 'threat profile' of iPhone justifies App Store rules,"Apple Inc Chief Executive Tim Cook on Friday told a court that threats to iPhone security and privacy required tight control of the App Store, which ""Fortnite"" game maker Epic Games says is a monopoly that Apple illegally abuses.",https://www.reuters.com/article/legal-us-apple-epic-games-idUSKCN2D217Z,https://static.reuters.com/resources/r/?m=02&d=20210521&t=2&i=1562947201&r=LYNXNPEH4K0NT&w=800,2021-05-21T17:52:30Z,"(Reuters) - Apple Inc Chief Executive Tim Cook on Friday told a court that threats to iPhone security and privacy required tight control of the App Store, which Fortnite game maker Epic Games says is… [+3504 chars]"
52,"{'id': 'reuters', 'name': 'Reuters'}",Reuters Staff,Lady Gaga tells of 'psychotic break' after rape at 19 left her pregnant,"Lady Gaga said she suffered a ""psychotic break"" after being raped and made pregnant by a producer at age 19 as she was trying to get a foothold in the music industry.",https://www.reuters.com/article/us-people-lady-gaga-idUSKCN2D22CB,https://static.reuters.com/resources/r/?m=02&d=20210521&t=2&i=1562991313&r=LYNXNPEH4K18F&w=800,2021-05-21T17:38:11Z,"By Reuters Staff
LOS ANGELES (Reuters) - Lady Gaga said she suffered a psychotic break after being raped and made pregnant by a producer at age 19 as she was trying to get a foothold in the music in… [+1329 chars]"
53,"{'id': 'reuters', 'name': 'Reuters'}",Reuters,Factbox: Five things to know about Epic's epic legal fight with Apple - Reuters,"Apple Inc (AAPL.O) Chief Executive Tim Cook takes the witness stand on Friday to defend the lucrative App Store against ""Fortnite"" maker Epic Games' allegations that it is a monopoly that Apple illegally abuses.",https://www.reuters.com/technology/five-things-know-about-epics-epic-legal-fight-with-apple-2021-05-21/,https://www.reuters.com/resizer/ZqRzjb525R_3B5cblkckZGMgDcY=/1200x628/smart/cloudfront-us-east-2.images.arcpublishing.com/reuters/CVS7ZKZDQBMY7FBHH5D7V6BLGE.jpg,2021-05-21T17:11:00Z,"Apple CEO Tim Cook gestures from the elevator as he arrives to speak during a weeks-long antitrust trial at federal court in Oakland, California, U.S. May 21, 2021. REUTERS/Brittany Hosea-SmallApple … [+2636 chars]"
54,"{'id': 'reuters', 'name': 'Reuters'}",Eva  Mathews,Netflix in search of executive to oversee gaming expansion - source - Reuters,"Netflix Inc is looking to hire an executive to oversee its expansion into videogames, a person familiar with the matter said, a sign that it is ramping up efforts to grow beyond its traditional business as streaming competition intensifies.",https://www.reuters.com/article/us-netflix-gaming-idUSKCN2D21N1,https://static.reuters.com/resources/r/?m=02&d=20210521&t=2&i=1562959523&r=LYNXNPEH4K0US&w=800,2021-05-21T17:10:53Z,"FILE PHOTO: The Netflix logo is seen on their office in Hollywood, Los Angeles, California, U.S. July 16, 2018. REUTERS/Lucy Nicholson/File Photo
(Reuters) -Netflix Inc is looking to hire an executi… [+968 chars]"
55,"{'id': 'reuters', 'name': 'Reuters'}",Stephen Nellis,FACTBOX-Five things to know about Epic's epic legal fight with Apple,"Apple Inc Chief Executive Tim Cook takes the witness stand on Friday to defend the lucrative App Store against ""Fortnite"" maker Epic Games' allegations that it is a monopoly that Apple illegally abuses.",https://www.reuters.com/article/legal-us-apple-epic-games-fortnite-idUSKCN2D2298,https://static.reuters.com/resources/r/?m=02&d=20210521&t=2&i=1562987528&r=LYNXNPEH4K16V&w=800,2021-05-21T16:56:45Z,WASHINGTON (Reuters) - Apple Inc Chief Executive Tim Cook takes the witness stand on Friday to defend the lucrative App Store against Fortnite maker Epic Games allegations that it is a monopoly that … [+2528 chars]
56,"{'id': 'reuters', 'name': 'Reuters'}",Sheila Dang,Snap to buy augmented reality company WaveOptics for over $500 mln - Reuters,"Snap Inc (SNAP.N) said Friday it will acquire WaveOptics Ltd, a British augmented reality (AR) technology company, for over $500 million.",https://www.reuters.com/technology/snap-buy-augmented-reality-company-waveoptics-over-500-mln-2021-05-21/,https://www.reuters.com/resizer/wuj1igDC1t-PlluHxcd5naYaqBY=/1200x628/smart/cloudfront-us-east-2.images.arcpublishing.com/reuters/PN4MFUPTHFIVZFRTCTULYLTCA4.jpg,2021-05-21T15:04:00Z,"A woman stands in front of the logo of Snap Inc on the floor of the New York Stock Exchange (NYSE) in New York City, NY, U.S. March 2, 2017. REUTERS/Lucas JacksonSnap Inc (SNAP.N) said Friday it will… [+1242 chars]"
57,"{'id': 'reuters', 'name': 'Reuters'}",Sheila Dang,Snap to buy augmented reality company WaveOptics for over $500 million,"Snap Inc said Friday it will acquire WaveOptics Ltd, a British augmented reality (AR) technology company, for over $500 million.",https://www.reuters.com/article/us-snap-augmented-reality-idUSKCN2D21VJ,https://static.reuters.com/resources/r/?m=02&d=20210521&t=2&i=1562970945&r=LYNXNPEH4K105&w=800,2021-05-21T14:56:39Z,"FILE PHOTO: A woman stands in front of the logo of Snap Inc on the floor of the New York Stock Exchange (NYSE) in New York City, NY, U.S. March 2, 2017. REUTERS/Lucas Jackson
(Reuters) - Snap Inc sa… [+1177 chars]"
58,"{'id': 'reuters', 'name': 'Reuters'}",Reuters,"Nvidia sets 4-for-1 stock split, shares rise - Reuters","Nvidia Corp (NVDA.O) on Friday announced a four-for-one stock split as it looks to make its stock less expensive for investors, sending the chipmaker's shares up 3%.",https://www.reuters.com/technology/nvidia-sets-4-for-1-stock-split-shares-rise-2021-05-21/,https://www.reuters.com/resizer/uPPdu3aa9NxhqVz4dLhAtmJIZXw=/1200x628/smart/cloudfront-us-east-2.images.arcpublishing.com/reuters/EP6RAN2YGNJTNKLHKF3WNQP7GM.jpg,2021-05-21T13:43:00Z,"The logo of technology company Nvidia is seen at its headquarters in Santa Clara, California, February 11, 2015. REUTERS/Robert Galbraith/File PhotoNvidia Corp (NVDA.O) on Friday announced a four-for… [+1080 chars]"
59,"{'id': 'reuters', 'name': 'Reuters'}",Reuters,Netflix looking to hire executive for gaming expansion - The Information - Reuters,"Netflix Inc (NFLX.O) is looking to hire an executive to oversee its expansion into videogames, The Information reported on Friday, citing people familiar with the matter.",https://www.reuters.com/technology/netflix-looking-hire-executive-gaming-expansion-information-2021-05-21/,,2021-05-21T13:38:00Z,"Netflix Inc (NFLX.O) is looking to hire an executive to oversee its expansion into videogames, The Information reported on Friday, citing people familiar with the matter.
The company has approached … [+796 chars]"
60,"{'id': 'reuters', 'name': 'Reuters'}","Terry Slavin – Editor, Reuters Professional",ANALYSIS: Strong stick of regulation will be needed to commandeer big business into hitting new climate - Reuters,"Joe Biden’s ambitious pledge last month to halve U.S. greenhouse gas emissions by 2030, and the EU’s move to raise its 2030 target for cutting emissions from 40% to 55%, appear to be two leaps forward for humankind by pushing for urgent action to turn the tid…",https://www.reuters.com/article/events-biden-idUSMTZSPDEH5LGJLRIH,https://static.reuters.com/resources/r/?m=02&d=20210521&t=2&i=1562956332&r=MTZSPDEH5LGJLRIG&w=800,2021-05-21T13:04:42Z,"Joe Bidens ambitious pledge last month to halve U.S. greenhouse gas emissions by 2030, and the EUs move to raise its 2030 target for cutting emissions from 40% to 55%, appear to be two leaps forward … [+7270 chars]"
61,"{'id': 'reuters', 'name': 'Reuters'}",Reuters Staff,White House partners Tinder parent in hopes users swipe right on vaccinations - Reuters,"Match Group Inc said on Friday it had teamed up with the White House to promote COVID-19 vaccinations across its popular online dating apps such as Tinder, OkCupid and Hinge.",https://www.reuters.com/article/us-health-coronavirus-match-grp-idUSKCN2D21L8,https://static.reuters.com/resources/r/?m=02&d=20210521&t=2&i=1562957457&r=LYNXNPEH4K0U0&w=800,2021-05-21T13:04:37Z,"By Reuters Staff
FILE PHOTO: The dating app Tinder is shown on an Apple iPhone in this photo illustration taken February 10, 2016. REUTERS/Mike Blake/Illustration/File Photo GLOBAL BUSINESS WEEK AHE… [+1055 chars]"
62,"{'id': 'reuters', 'name': 'Reuters'}",Stephen Nellis,Apple's Tim Cook to defend App Store at trial with Fortnite maker - Reuters,"Apple Inc (AAPL.O) Chief Executive Tim Cook on Friday will take the witness stand to defend the App Store, a booming part of the iPhone maker's business that ""Fortnite"" maker Epic Games says is a monopoly that Apple abuses.",https://www.reuters.com/business/legal/apples-tim-cook-defend-app-store-trial-with-fortnite-maker-2021-05-21/,https://www.reuters.com/resizer/syJODEdY2h4i4cE4DhupFFJJ0U0=/1200x628/smart/cloudfront-us-east-2.images.arcpublishing.com/reuters/FLUEVVF2AFM3TLW5PNFT3HGSRY.jpg,2021-05-21T11:34:00Z,"Apple Inc (AAPL.O) Chief Executive Tim Cook on Friday will take the witness stand to defend the App Store, a booming part of the iPhone maker's business that ""Fortnite"" maker Epic Games says is a mon… [+2990 chars]"
63,"{'id': 'reuters', 'name': 'Reuters'}",Reuters Staff,Prince Harry: pain of Diana's death pushed me to drink and drugs - Reuters,"Prince Harry said he abused alcohol to numb the pain of his mother Diana's death in 1997, and accused the British royal family of neglecting him and his wife Meghan as she contemplated suicide.",https://www.reuters.com/article/uk-britain-royals-idUSKCN2D20Z2,https://static.reuters.com/resources/r/?m=02&d=20210521&t=2&i=1562935505&r=LYNXNPEH4K0H2&w=800,2021-05-21T10:13:56Z,"By Reuters Staff
LONDON (Reuters) - Prince Harry said he abused alcohol to numb the pain of his mother Dianas death in 1997, and accused the British royal family of neglecting him and his wife Megha… [+1779 chars]"
64,"{'id': 'reuters', 'name': 'Reuters'}",Lewis Krauskopf,Wall St Week Ahead U.S. investors look to Europe for next leg of stock gains - Reuters,"As U.S. stocks are hit with a bout of volatility, some investors are looking to European equities, attracted by lower valuations and the region’s nascent emergence from the COVID-19 pandemic.",https://www.reuters.com/business/wall-st-week-ahead-us-investors-look-europe-next-leg-stock-gains-2021-05-21/,,2021-05-21T10:12:00Z,"As U.S. stocks are hit with a bout of volatility, some investors are looking to European equities, attracted by lower valuations and the regions nascent emergence from the COVID-19 pandemic.
Europea… [+4287 chars]"
65,"{'id': 'reuters', 'name': 'Reuters'}",Mike Dolan,COLUMN-Bitcoin volatility keeps it in 'neverland' :Mike Dolan - Reuters,Bitcoin's wild ride this week is far from unusual for the largest crypto token - but the rollercoaster is also its inherent contradiction.,https://www.reuters.com/article/us-global-crypto-currency-idUSKCN2D2125,https://static.reuters.com/resources/r/?m=02&d=20210521&t=2&i=1562937583&r=LYNXNPEH4K0IL&w=800,2021-05-21T10:04:59Z,"LONDON (Reuters) - Bitcoins wild ride this week is far from unusual for the largest crypto token - but the rollercoaster is also its inherent contradiction.
Representations of the virtual currency B… [+5415 chars]"
66,"{'id': 'reuters', 'name': 'Reuters'}",Lewis Krauskopf,U.S. investors look to Europe for next leg of stock gains - Reuters,"As U.S. stocks are hit with a bout of volatility, some investors are looking to European equities, attracted by lower valuations and the region’s nascent emergence from the COVID-19 pandemic.",https://www.reuters.com/article/us-usa-stocks-weekahead-idUSKCN2D2111,https://static.reuters.com/resources/r/?m=02&d=20210521&t=2&i=1562936689&r=LYNXNPEH4K0I1&w=800,2021-05-21T10:04:00Z,"NEW YORK (Reuters) - As U.S. stocks are hit with a bout of volatility, some investors are looking to European equities, attracted by lower valuations and the regions nascent emergence from the COVID-… [+4375 chars]"
67,"{'id': 'reuters', 'name': 'Reuters'}",Reuters,Prince Harry: pain of Diana's death pushed me to drink and drugs - Reuters UK,"Prince Harry said he abused alcohol to numb the pain of his mother Diana's death in 1997, and accused the British royal family of neglecting him and his wife Meghan as she contemplated suicide.",https://www.reuters.com/world/uk/prince-harry-pain-dianas-death-pushed-me-drink-drugs-2021-05-21/,https://www.reuters.com/resizer/0zFt1M1jV0mSfzA_jMNBS71hvBE=/1200x628/smart/cloudfront-us-east-2.images.arcpublishing.com/reuters/4JLP45LV3VN57AX62WKK32ERX4.jpg,2021-05-21T09:45:00Z,"Prince Harry said he abused alcohol to numb the pain of his mother Dianas death in 1997, and accused the British royal family of neglecting him and his wife Meghan as she contemplated suicide.
Harry… [+1807 chars]"
68,"{'id': 'nbc-news', 'name': 'NBC News'}","Todd Haselton, CNBC",Snap buys lens company for $500 million as augmented reality efforts ramp up,"<a href=""https://www.cnbc.com/quotes/SNAP"" target=""_blank"">Snap</a> is acquiring WaveOptics, a company that creates lenses and other parts that are used in",https://www.nbcnews.com/tech/tech-news/snap-buys-lens-company-500-million-augmented-reality-efforts-ramp-rcna1001,"https://media-cldnry.s-nbcnews.com/image/upload/t_nbcnews-fp-1200-630,f_auto,q_auto:best/rockcms/2021-05/210521-Spectacles-al-1126-ec6c59.jpg",2021-05-21T15:30:29Z,"Snap is acquiring WaveOptics, a company that creates lenses and other parts that are used in augmented reality glasses. The acquisition will give Snap many of the components to create glasses that pe… [+1711 chars]"
69,"{'id': 'nbc-news', 'name': 'NBC News'}",The Associated Press,Apple brings CEO Tim Cook to court in defense of app store,Apple CEO Tim Cook will take the witness stand Friday to defend the company’s iPhone app store against charges that it has grown into an illegal monopoly.,https://www.nbcnews.com/tech/tech-news/apple-brings-ceo-tim-cook-court-defense-app-store-rcna996,"https://media-cldnry.s-nbcnews.com/image/upload/t_nbcnews-fp-1200-630,f_auto,q_auto:best/rockcms/2021-05/210521-tim-cook-al-0821-71bf38.jpg",2021-05-21T12:23:39Z,"SAN RAMON, Calif. Apple CEO Tim Cook will take the witness stand Friday to defend the companys iPhone app store against charges that it has grown into an illegal monopoly one far more profitable than… [+4417 chars]"
70,"{'id': 'nbc-news', 'name': 'NBC News'}",Samantha Kubota,Lady Gaga opens up about past pregnancy after sexual assault,"Lady Gaga opens up in Oprah and Prince Harry's new series for Apple TV, ""The Me You Can't See,"" about being sexually assaulted as a teenager.",https://www.nbcnews.com/pop-culture/pop-culture-news/lady-gaga-opens-about-past-pregnancy-after-sexual-assault-n1268107,"https://media-cldnry.s-nbcnews.com/image/upload/t_nbcnews-fp-1200-630,f_auto,q_auto:best/newscms/2021_20/3476574/210521-lady-gaga-mc-1116.JPG",2021-05-21T10:27:00Z,"Oprah and Prince Harrys new series for Apple TV+, The Me You Cant See, features several stories from both everyday people and celebrities on how they struggle with their mental health.
In one especi… [+3028 chars]"
71,"{'id': 'nbc-news', 'name': 'NBC News'}",Adela Suliman,"Prince Harry accuses royals of 'total neglect,' says Diana's death led him to drink and drugs","""I was so angry with what happened to her, and the fact that there was no justice at all,"" Prince Harry tells Oprah about his mother's death in a new interview released Friday.",https://www.nbcnews.com/news/world/prince-harry-tells-oprah-diana-s-death-led-him-drink-n1268106,"https://media-cldnry.s-nbcnews.com/image/upload/t_nbcnews-fp-1200-630,f_auto,q_auto:best/newscms/2021_20/3476561/210521-prince-harry-oprah-mc-820.JPG",2021-05-21T09:45:23Z,"LONDON Prince Harry has accused the British royal family of ""total neglect"" and revealed he turned to drink and drugs years after the death of his mother, Princess Diana.
The Duke of Sussex made the… [+4705 chars]"
72,"{'id': 'nbc-news', 'name': 'NBC News'}",Jason Abbruzzese and Dylan Byers,Long live the bundle: How AT&T's big deal harkens a return to TV's old days,What streaming service is that show on? It's a question that has begun to dog consumers in the modern streaming age.,https://www.nbcnews.com/media/long-live-bundle-ts-big-deal-harkens-return-tvs-old-days-rcna950,"https://media-cldnry.s-nbcnews.com/image/upload/t_nbcnews-fp-1200-630,f_auto,q_auto:best/rockcms/2021-05/210518-issa-rae-al-0858-d91060.jpg",2021-05-18T13:14:02Z,"What streaming service is that show on?
It's a question that has begun to dog consumers in the modern streaming age. It's also one that could eventually become a lot simpler if media mergers heat up… [+6004 chars]"
73,"{'id': 'nbc-news', 'name': 'NBC News'}",Kevin Collier,Hacker gangs show few signs of slowing after pipeline attack,"Many of the world's largest cybercrime gangs are still hacking and extorting victims, undeterred by the international spotlight.",https://www.nbcnews.com/tech/security/hacker-gangs-show-signs-slowing-pipeline-attack-rcna951,"https://media-cldnry.s-nbcnews.com/image/upload/t_nbcnews-fp-1200-630,f_auto,q_auto:best/rockcms/2021-05/210517-internet-security-company-se-1154a-48880c.jpg",2021-05-17T23:06:55Z,"Many of the world's largest cybercrime gangs are still actively hacking and extorting victims, undeterred by the international spotlight after one of their peers hacked a U.S. fuel pipeline.
A Russi… [+3669 chars]"
74,"{'id': 'nbc-news', 'name': 'NBC News'}",Kevin Collier,Hacker gangs show little signs of slowing after pipeline attack,"Many of the world's largest cybercrime gangs are still actively hacking and extorting victims, undeterred by the international spotlight after one of their",https://www.nbcnews.com/tech/security/hacker-gangs-show-little-signs-slowing-pipeline-attack-rcna951,"https://media-cldnry.s-nbcnews.com/image/upload/t_nbcnews-fp-1200-630,f_auto,q_auto:best/rockcms/2021-05/210517-internet-security-company-se-1154a-48880c.jpg",2021-05-17T22:37:21Z,"Many of the world's largest cybercrime gangs are still actively hacking and extorting victims, undeterred by the international spotlight after one of their peers hacked a U.S. fuel pipeline.
A Russi… [+3669 chars]"
75,"{'id': 'nbc-news', 'name': 'NBC News'}",Daniel Arkin,Bill Gates' reputation could be clouded by reports about his personal life,"The co-founder of Microsoft faces renewed scrutiny over allegations about his behavior and social ties, potentially threatening his public image.",https://www.nbcnews.com/news/us-news/bill-gates-reputation-could-be-clouded-reports-about-his-personal-n1267702,"https://media-cldnry.s-nbcnews.com/image/upload/t_nbcnews-fp-1200-630,f_auto,q_auto:best/newscms/2021_20/3475354/210517-bill-gates-se-1127a.jpg",2021-05-17T22:28:00Z,"In the last decade, Bill Gates cultivated a straightforward public image.
He earned a reputation as a visionary global philanthropist. He drew wide attention as a self-styled expert on Covid-19. He … [+4835 chars]"
76,"{'id': 'techcrunch', 'name': 'TechCrunch'}",Alex Wilhelm,Daily Crunch: Snap spends more than $500M to acquire AR display startup WaveOptics,"Closing out the week, bitcoin dropped sharply today on (more?) news from China about possible restrictions on cryptocurrencies more broadly.  Regardless, we ...",https://techcrunch.com/2021/05/21/daily-crunch-8/,https://s.yimg.com/ny/api/res/1.2/08D3uLEbXuqENUVFSflHow--/YXBwaWQ9aGlnaGxhbmRlcjt3PTIwMDA7aD05MjM-/https://s.yimg.com/uu/api/res/1.2/3U2fEQXK9iprbiRXcSwY7g--~B/aD0xMzA0O3c9MjgyNjthcHBpZD15dGFjaHlvbg--/https://media.zenfs.com/en/techcrunch_350/93632c849aa1c9d08c4d260621c32a1a,2021-05-21T22:10:29Z,"To get a roundup of TechCrunchs biggest and most important stories delivered to your inbox every day at 3 p.m. PDT, subscribe here.
Welcome to Daily Crunch for May 21, 2021. Closing out the week, bi… [+6718 chars]"
77,"{'id': 'techcrunch', 'name': 'TechCrunch'}",Richard Dal Porto,Daily Crunch: Snap spends more than $500M to acquire AR display startup WaveOptics,"Hello friends and welcome to Daily Crunch, bringing you the most important startup, tech and venture capital news in a single package.",http://techcrunch.com/2021/05/21/daily-crunch-8/,https://techcrunch.com/wp-content/uploads/2021/05/spectacles.jpg?w=764,2021-05-21T22:10:29Z,"To get a roundup of TechCrunchs biggest and most important stories delivered to your inbox every day at 3 p.m. PDT, subscribe here.
Welcome to Daily Crunch for May 21, 2021. Closing out the week, bi… [+6710 chars]"
78,"{'id': 'techcrunch', 'name': 'TechCrunch'}",Taylor Hatmaker,White House teams up with dating apps to give vaccinated users free perks,"With vaccination rates slowing in the U.S., the White House is getting creative about getting shots in arms.  The White House COVID-19 response team...",https://techcrunch.com/2021/05/21/vaccinated-badges-free-boosts-tinder-bumble-okcupid-blk-chispa/,https://s.yimg.com/ny/api/res/1.2/9lYF_vyhCvBF9HeX2rSkOg--/YXBwaWQ9aGlnaGxhbmRlcjt3PTIwMDA7aD0xMzMz/https://s.yimg.com/uu/api/res/1.2/F6XODI.Bjp1rAk0D.WNFMw--~B/aD0zNzM5O3c9NTYwOTthcHBpZD15dGFjaHlvbg--/https://media.zenfs.com/en/techcrunch_350/100353809f9ef64465199e6bb911faae,2021-05-21T21:32:27Z,"(Bloomberg) -- The red-and-white flue stacks of the James M. Barry Electric Generating Station tower over the Mobile River, belching steam into the Alabama sky. The sprawling complex of coal and natu… [+11278 chars]"
79,"{'id': 'techcrunch', 'name': 'TechCrunch'}",Devin Coldewey,Tim Cook plays innocent in Epic v Apple’s culminating testimony,"Apple CEO Tim Cook took his first turn in the witness chair this morning in what is probably the most anticipated testimony of the Epic v. Apple antitrust case. But rather than a fiery condemnation of Epic’s shenanigans and allegations, Cook offered a mild, c…",http://techcrunch.com/2021/05/21/tim-cook-plays-innocent-in-epic-v-apples-culminating-testimony/,https://techcrunch.com/wp-content/uploads/2015/11/465709344.jpg?w=553,2021-05-21T19:18:22Z,Apple CEO Tim Cook took his first turn in the witness chair this morning in what is probably the most anticipated testimony of the Epic v. Apple antitrust case. But rather than a fiery condemnation o… [+7273 chars]
80,"{'id': 'techcrunch', 'name': 'TechCrunch'}",Devin Coldewey,Tim Cook plays innocent in Epic v Apple's culminating testimony,Apple CEO Tim Cook took his first turn in the witness chair this morning in what is probably the most anticipated testimony of the Epic v. Apple antitrust...,https://techcrunch.com/2021/05/21/tim-cook-plays-innocent-in-epic-v-apples-culminating-testimony/,https://s.yimg.com/ny/api/res/1.2/bxGfcNy4aUe_Q54VYBZoCg--/YXBwaWQ9aGlnaGxhbmRlcjt3PTIwMDA7aD0xNDQ1/https://s.yimg.com/uu/api/res/1.2/E4B8KIU4Q50wlYnfxcYMmw--~B/aD0xODAxO3c9MjQ5MjthcHBpZD15dGFjaHlvbg--/https://media.zenfs.com/en/techcrunch_350/3618417df1ea6aae54d58dde4f626a2d,2021-05-21T19:18:22Z,Apple CEO Tim Cook took his first turn in the witness chair this morning in what is probably the most anticipated testimony of the Epic v. Apple antitrust case. But rather than a fiery condemnation o… [+7273 chars]
81,"{'id': 'techcrunch', 'name': 'TechCrunch'}",Jordan Crook,Check out the top-notch founders and investors joining us on Extra Crunch Live in June,"In the past month, we've gotten a look at Poshmark's early fundraising pitch deck with CEO Manish Chandra and Mayfield's Navin Chaddha, heard where the...",https://techcrunch.com/2021/05/21/check-out-the-top-notch-founders-and-investors-joining-us-on-extra-crunch-live-in-june/,https://s.yimg.com/ny/api/res/1.2/EbEePvEhKc5fnP70v2woRQ--/YXBwaWQ9aGlnaGxhbmRlcjt3PTIwMDA7aD0xMTI1/https://s.yimg.com/uu/api/res/1.2/gF4D.kP83u8OFiHtP6o8QA--~B/aD0xODAwO3c9MzIwMDthcHBpZD15dGFjaHlvbg--/https://media.zenfs.com/en/techcrunch_350/bb4f380623e7655bed6e12ca94dd4e1a,2021-05-21T16:40:13Z,"(Bloomberg) -- The red-and-white flue stacks of the James M. Barry Electric Generating Station tower over the Mobile River, belching steam into the Alabama sky. The sprawling complex of coal and natu… [+11278 chars]"
82,"{'id': 'techcrunch', 'name': 'TechCrunch'}",Brian Heater,"Spotify brings offline listening to the Apple Watch, at last","The relationship between Spotify and Apple has been…understandably contentious at times. After all, Apple runs the streaming service’s biggest competitor. At the end of the day though, the Apple Watch and Spotify maintain the No. 1 spot in their respective ca…",http://techcrunch.com/2021/05/21/spotify-brings-offline-listening-to-the-apple-watch-at-last/,https://techcrunch.com/wp-content/uploads/2021/05/Screen-Shot-2021-05-21-at-12.15.17-PM.jpg?w=764,2021-05-21T16:30:35Z,"The relationship between Spotify and Apple has beenunderstandably contentious at times. After all, Apple runs the streaming services biggest competitor. At the end of the day though, the Apple Watch … [+1166 chars]"
83,"{'id': 'techcrunch', 'name': 'TechCrunch'}",Brian Heater,"Spotify brings offline listening to the Apple Watch, at last","The relationship between Spotify and Apple has been…understandably contentious at times.  After all, Apple runs the streaming service’s biggest competitor.  ...",https://techcrunch.com/2021/05/21/spotify-brings-offline-listening-to-the-apple-watch-at-last/,https://s.yimg.com/ny/api/res/1.2/xQ85sxVRxku.0XDLP49k0A--/YXBwaWQ9aGlnaGxhbmRlcjt3PTIwMDA7aD04OTE-/https://s.yimg.com/uu/api/res/1.2/eREn0HiFwSL2FQQ0SXNzdg--~B/aD0xNDU4O3c9MzI3NDthcHBpZD15dGFjaHlvbg--/https://media.zenfs.com/en/techcrunch_350/edf70f30ee542048e8d27c96fedb49d7,2021-05-21T16:30:35Z,(Bloomberg) -- Bitcoin resumed its selloff Friday after China reiterated a warning that it intends to crack down on cryptocurrency mining as part of an effort to control financial risks.The largest d… [+3902 chars]
84,"{'id': 'techcrunch', 'name': 'TechCrunch'}",Natasha Mascarenhas,Linkedin is the reason Apple made the M1 chip,"Hello and welcome back to Equity, TechCrunch’s venture capital-focused podcast, where we unpack the numbers behind the headlines. This week was good fun not only because we had the whole team together to record, but also because we are still basking in the en…",http://techcrunch.com/2021/05/21/linkedin-is-the-reason-apple-made-the-m1-chip/,https://techcrunch.com/wp-content/uploads/2019/12/equity-podcast-2019-phone-1-2-e1576159337785.jpg?w=300,2021-05-21T14:00:38Z,"Hello and welcome back to Equity, TechCrunchs venture capital-focused podcast, where we unpack the numbers behind the headlines.
This week was good fun not only because we had the whole team togethe… [+2168 chars]"
85,"{'id': 'techcrunch', 'name': 'TechCrunch'}",Sarah Perez,Apple launches an affiliate program for paid podcast subscriptions,"Apple last month unveiled its plans for paid podcast subscriptions in a newly redesigned Apple Podcasts app. Now, it’s introducing a new program that will help podcast creators grow their subscriber base: affiliate marketing. The company’s “Apple Services Per…",http://techcrunch.com/2021/05/20/apple-launches-an-affiliate-program-for-paid-podcast-subscriptions/,https://techcrunch.com/wp-content/uploads/2020/06/ios-podcasts-app-icon.jpg?w=712,2021-05-20T18:27:50Z,"Apple last month unveiled its plans for paid podcast subscriptions in a newly redesigned Apple Podcasts app. Now, it’s introducing a new program that will help podcast creators grow their subscriber … [+3286 chars]"
86,"{'id': 'techcrunch', 'name': 'TechCrunch'}",Sarah Perez,Apple launches an affiliate program for paid podcast subscriptions,"Apple last month unveiled its plans for paid podcast subscriptions in a newly redesigned Apple Podcasts app.  Now, it's introducing a new program that will...",https://techcrunch.com/2021/05/20/apple-launches-an-affiliate-program-for-paid-podcast-subscriptions/,https://s.yimg.com/ny/api/res/1.2/rDPys32btaJQsUZ2RjkG5Q--/YXBwaWQ9aGlnaGxhbmRlcjt3PTIwMDA7aD0xMTI0/https://s.yimg.com/uu/api/res/1.2/woERFd6XjFzC.EsDXqqnVg--~B/aD0xMzEyO3c9MjMzNDthcHBpZD15dGFjaHlvbg--/https://media.zenfs.com/en/techcrunch_350/1cbdcc4bedf6cef87c53547b55f6b74e,2021-05-20T18:27:50Z,There are experts out there in the stock market whose investing moves command respect. Theyve earned this through the long-term cultivation of a reputation for true savvy in finding solid returns and… [+8862 chars]
87,"{'id': 'techcrunch', 'name': 'TechCrunch'}",Lucas Matney,Snap brings partner-centric Layers to its social map used by 250 million people,Snap wants users to get a more personal view of the world around them.  While products like Google Maps and Apple Maps have long-relied on data partners to...,https://techcrunch.com/2021/05/20/snap-brings-partner-centric-layers-to-its-social-map-used-by-250-million-people/,https://s.yimg.com/uu/api/res/1.2/hOMyBcaEZ.qS10aIRU7CgA--~B/aD0xMDc4O3c9MTkyMDthcHBpZD15dGFjaHlvbg--/https://media.zenfs.com/en/techcrunch_350/106d5833e7ab38d37827cef9e395dbe1,2021-05-20T17:36:02Z,There are experts out there in the stock market whose investing moves command respect. Theyve earned this through the long-term cultivation of a reputation for true savvy in finding solid returns and… [+8862 chars]
88,"{'id': 'techcrunch', 'name': 'TechCrunch'}",Lucas Matney,Snap brings partner-centric Layers to its social map used by 250 million people,"Snap wants users to get a more personal view of the world around them. While products like Google Maps and Apple Maps have long-relied on data partners to juice the quality of their contextual insights, Snap is hoping it can give users a more hands-on approac…",http://techcrunch.com/2021/05/20/snap-brings-partner-centric-layers-to-its-social-map-used-by-250-million-people/,https://techcrunch.com/wp-content/uploads/2021/05/Infatuation-Map-Layers.png?w=712,2021-05-20T17:36:02Z,"Snap wants users to get a more personal view of the world around them.
While products like Google Maps and Apple Maps have long-relied on data partners to juice the quality of their contextual insig… [+1740 chars]"
89,"{'id': 'techcrunch', 'name': 'TechCrunch'}",Alex Wilhelm,Don't tweet about $ASS,"Earlier today I tweeted about $ASS, a cryptocurrency named after a dog.  $ASS is short for Australian Safe Shepherd, by the by.  The coin is effectively a...",https://techcrunch.com/2021/05/20/dont-tweet-about-ass/,https://s.yimg.com/uu/api/res/1.2/IDU5lYv3lhQvpvtIUFXEdg--~B/aD00MDA7dz03Mzg7YXBwaWQ9eXRhY2h5b24-/https://media.zenfs.com/en/techcrunch_350/200d205e47b5ca66c35bffa35a6d3f8b,2021-05-20T15:46:41Z,"(Bloomberg) -- Inside the imposing beige and white limestone-walled federal courthouse in downtown Oakland, lawyers clad in face masks and plastic shields and armed with cartloads of corporate docume… [+8233 chars]"
90,"{'id': 'techcrunch', 'name': 'TechCrunch'}",Brian Heater,Google is opening a retail store in New York this summer,"Google’s explored storefronts for a while now. Here’s a pop-up Manhattan’s SoHo district that we took a trip to some 4+ years back. But the company’s own branded retail experience has been fairly limited – unsurprising, given that it has always been a softwar…",http://techcrunch.com/2021/05/20/google-is-opening-a-retail-store-in-new-york-this-summer/,https://techcrunch.com/wp-content/uploads/2021/05/unnamed-file.jpg?w=710,2021-05-20T15:14:51Z,Googles explored storefronts for a while now. Heres a pop-up Manhattans SoHo district that we took a trip to some 4+ years back. But the companys own branded retail experience has been fairly limited… [+1964 chars]
91,"{'id': 'techcrunch', 'name': 'TechCrunch'}",Danny Crichton,OneNav locates $21M from GV to map our transition to the next generation of GPS,GPS is one of those science fiction technologies whose use is effortless for the end user and endlessly challenging for the engineers who design it.  The U.S...,https://techcrunch.com/2021/05/20/onenav-locates-21m-from-gv-to-map-our-transition-to-the-next-generation-of-gps/,https://s.yimg.com/ny/api/res/1.2/sxAyNtuyYiwXFyoSSNbYjg--/YXBwaWQ9aGlnaGxhbmRlcjt3PTIwMDA7aD0xMzMz/https://s.yimg.com/uu/api/res/1.2/_JRgjlTTj.n_E4OqTLpJtQ--~B/aD0yMDAwO3c9MzAwMDthcHBpZD15dGFjaHlvbg--/https://media.zenfs.com/en/techcrunch_350/a0b541cd372edfb7f670fbcdb75af84c,2021-05-20T12:00:05Z,GPS is one of those science fiction technologies whose use is effortless for the end user and endlessly challenging for the engineers who design it. Its now at the heart of modern life: everything fr… [+5868 chars]
92,"{'id': 'techcrunch', 'name': 'TechCrunch'}",Danny Crichton,OneNav locates $21M from GV to map our transition to the next generation of GPS,GPS is one of those science fiction technologies whose use is effortless for the end user and endlessly challenging for the engineers who design it. It’s now at the heart of modern life: everything from Amazon package deliveries to our cars and trucks to our …,http://techcrunch.com/2021/05/20/onenav-locates-21m-from-gv-to-map-our-transition-to-the-next-generation-of-gps/,https://techcrunch.com/wp-content/uploads/2021/05/launch-dec18.jpg?w=600,2021-05-20T12:00:05Z,GPS is one of those science fiction technologies whose use is effortless for the end user and endlessly challenging for the engineers who design it. Its now at the heart of modern life: everything fr… [+5868 chars]
93,"{'id': 'techcrunch', 'name': 'TechCrunch'}",Richard Dal Porto,Daily Crunch: India gives WhatsApp one week to revoke its updated privacy policy,"Hello friends and welcome to Daily Crunch, bringing you the most important startup, tech and venture capital news in a single package.",http://techcrunch.com/2021/05/19/daily-crunch-6/,https://techcrunch.com/wp-content/uploads/2020/07/GettyImages-1067867962.jpg?w=600,2021-05-19T22:10:18Z,"To get a roundup of TechCrunchs biggest and most important stories delivered to your inbox every day at 3 p.m. PDT, subscribe here.
Happy Wednesday, friends! It was another super-busy day in the tec… [+7488 chars]"
94,"{'id': 'techcrunch', 'name': 'TechCrunch'}",Devin Coldewey,Apple Watch gets a motion-controlled cursor with 'Assistive Touch',"Tapping the tiny screen of the Apple Watch with precision has certain level of fundamental difficulty, but for some people with disabilities it’s genuinely impossible. Apple has remedied this with a new mode called “Assistive Touch” that detects hand gestures…",http://techcrunch.com/2021/05/19/apple-watch-gets-a-motion-controlled-cursor-with-assistive-touch/,https://techcrunch.com/wp-content/uploads/2021/05/assistivetouch3.gif?w=673,2021-05-19T19:20:32Z,"Tapping the tiny screen of the Apple Watch with precision has certain level of fundamental difficulty, but for some people with disabilities it’s genuinely impossible. Apple has remedied this with a … [+2372 chars]"
95,"{'id': 'techcrunch', 'name': 'TechCrunch'}",Frederic Lardinois,Ampere prepares to launch its first custom data center chips – TechCrunch,"Ampere, the server startup that is betting on bringing Arm-based chips to the data center and edge, is hosting its annual media day today. With the 80-core Altara and 128-core Altra Max, the company already offers a platform that can rival and outperform thos…",http://techcrunch.com/2021/05/19/ampere-prepares-to-launch-its-first-custom-data-center-chips/,https://techcrunch.com/wp-content/uploads/2021/05/GettyImages-1191367089.jpg?w=711,2021-05-19T15:01:17Z,"Ampere, the server startup that is betting on bringing Arm-based chips to the data center and edge, is hosting its annual media day today. With the 80-core Altara and 128-core Altra Max, the company … [+3686 chars]"
96,"{'id': 'wired', 'name': 'Wired'}",Julian Chokkattu,Apple's Colorful New iMac Pairs Beauty With Brawn,"This new M1-powered all-in-one desktop PC is costly once you add all the necessary upgrades, but its simplicity is hard to beat.",https://www.wired.com/review/apple-imac-24-inch-2021/,"https://media.wired.com/photos/60a6e9dcf83409ce52d3c671/191:100/w_1280,c_limit/Gear-iMac-Review-Apple-1.jpg",2021-05-21T11:00:00Z,"With those upgradesoh, and the $50 Magic Trackpad instead of the awful Magic Mouse you still can't use as it chargesyour total is $1,429. Touch ID, Ethernet, and a good mouse shouldn't be add-ons. At… [+2945 chars]"
97,"{'id': 'wired', 'name': 'Wired'}",Khari Johnson,Twitter's Photo Crop Algorithm Favors White Faces and Women,"A study of 10,000 images found bias in what the system chooses to highlight. Twitter has stopped using it on mobile, and will consider ditching it on the web.",https://www.wired.com/story/twitter-photo-crop-algorithm-favors-white-faces-women/,"https://media.wired.com/photos/60a4671f350a66847bed9427/191:100/w_1280,c_limit/business_twitter_1175181408.jpg",2021-05-19T20:23:45Z,"Last fall, Canadian student Colin Madland noticed that Twitters automatic cropping algorithm continually selected his facenot his darker-skinned colleaguefrom photos of the pair to display in tweets.… [+3628 chars]"
98,"{'id': 'wired', 'name': 'Wired'}",Julian Chokkattu,Google Is Finally Taking Smartwatches Seriously,"Wear OS—now just dubbed Wear—is seeing its biggest update yet, with integrations from Fitbit and a new partnership with Samsung.",https://www.wired.com/story/google-wear-os-io-samsung-fitbit-partnership/,"https://media.wired.com/photos/60a30904518969560d19474f/191:100/w_1280,c_limit/Google-IO-WearOS-smartwatch-956205652.jpg",2021-05-18T18:38:30Z,"Another big reason Google lags behind the smartwatch competition is its lackluster health and fitness portfolio. In recent years, Apple has added electrocardiogram (ECG) and blood oxygen saturation (… [+3604 chars]"
99,"{'id': 'wired', 'name': 'Wired'}",Louryn Strampe,19 Deals That Make Great Last-Minute Graduation Gifts,"If you're gift shopping for a college or high school graduate in your life, try these discounted kitchen gadgets, tech, and more.",https://www.wired.com/story/last-minute-graduation-gift-ideas-deals-2021/,"https://media.wired.com/photos/609f10b7518969560d19474a/191:100/w_1280,c_limit/Gear-Apple_watch-series-6-aluminum-blue-case-2.jpg",2021-05-17T12:00:00Z,"Amazon Smart Plug for $15 ($10 off): A smart plug is a simple way to control non-smart gadgets. You can plug in a lamp and remotely power it to give the appearance that you're home, or use the plug w… [+2909 chars]"
100,"{'id': 'the-wall-street-journal', 'name': 'The Wall Street Journal'}",Katie Deighton,Soon Able to Use Watch -- Without Touching Screen...,"Soon Able to Use Watch -- Without Touching Screen...

 
 
 
 (Second column, 9th story, link)

 

 

 
 Related stories:UPDATE: APPLE Cook Expected to Take Witness Stand in Antitrust Fight...

 

 
 
 Drudge Report Feed needs your support!   Become a Pa…",https://www.wsj.com/articles/youll-soon-be-able-to-use-your-apple-watch-without-touching-the-screen-11621624080,https://images.wsj.net/im-342222/social,2021-05-21T19:19:37Z,"Later this year,
Apple Inc.
will introduce features that allow users to control an iPad with their eyes, and its smartwatch with gestures like a pinch or a fist clench.The company announced the mov… [+4306 chars]"
101,"{'id': 'the-wall-street-journal', 'name': 'The Wall Street Journal'}","Jeffrey A. Trachtenberg, Emily Glazer",Inside SIMON & SCHUSTER Blowup Over Pence Book Deal...,"Petition demanded publisher drop potential blockbuster, saying it betrayed company’s promise to oppose bigotry, while CEO defended commitment to broad range of views",https://www.wsj.com/articles/inside-the-simon-schuster-blowup-over-its-mike-pence-book-deal-11621607009,https://images.wsj.net/im-341940/social,2021-05-21T14:52:37Z,"During an April workplace-culture session, one of many in the past year held by book publisher Simon &amp; Schuster, topics included how to evaluate proposals from Black or LGBTQ+ authors and how bes… [+12933 chars]"
102,"{'id': 'the-wall-street-journal', 'name': 'The Wall Street Journal'}",Georgi Kantchev,Teslas Made in Russia? Elon Musk Says It’s Possible,Tesla CEO says electric-vehicle maker is considering opening a factory in Russia,https://www.wsj.com/articles/teslas-made-in-russia-elon-musk-says-its-possible-11621600327,https://images.wsj.net/im-341916/social,2021-05-21T12:37:08Z,"MOSCOW
Elon Musk
raised the prospect of Russian-made
Tesla Inc.
 TSLA -1.01%
cars, saying the company was considering opening a factory in the country as it looks to expand its production facili… [+3233 chars]"
103,"{'id': 'the-wall-street-journal', 'name': 'The Wall Street Journal'}",Tim Higgins,UPDATE: APPLE Cook Expected to Take Witness Stand in Antitrust Fight...,"CEO is likely to emphasize iPhone maker’s value to the app economy, in defense against competition claims from ‘Fortnite’ creator Epic Games",https://www.wsj.com/articles/apples-tim-cook-expected-to-take-witness-stand-in-antitrust-fight-11621589408,https://images.wsj.net/im-333420/social,2021-05-21T10:46:37Z,"With the bench trial in Oakland, Calif., nearing its expected end on Monday, Mr. Cook would follow other Apple executives this week who tried to counter arguments by Epic that Apple improperly prohib… [+4786 chars]"
104,"{'id': 'the-wall-street-journal', 'name': 'The Wall Street Journal'}",Aaron Tilley,Microsoft Plans to Pull the Plug on Internet Explorer - The Wall Street Journal,"<ol><li>Microsoft Plans to Pull the Plug on Internet Explorer  The Wall Street Journal
</li><li>Internet Explorer support ends for most versions of Windows 10 on July 15, 2022  XDA Developers
</li><li>Microsoft is finally retiring Internet Explorer in 2022 …",https://www.wsj.com/articles/microsoft-plans-to-pull-the-plug-on-internet-explorer-11621472131,https://images.wsj.net/im-341204/social,2021-05-20T00:55:00Z,"Microsoft Corp. said it plans to largely retire its Internet Explorer browser, adding to the digital scrap heap a product once at the center of one of the tech industrys biggest battles.
The softwar… [+2197 chars]"
105,"{'id': 'the-wall-street-journal', 'name': 'The Wall Street Journal'}",Nicole Nguyen,Apple’s New iPad Pro vs. MacBook Air: The Best M1 Device For You - The Wall Street Journal,"<ol><li>Apple’s New iPad Pro vs. MacBook Air: The Best M1 Device For You  The Wall Street Journal
</li><li>The new iMac is gorgeous, powerful and perfect for the home office  CNN 
</li><li>iMac M1 2021 review: the all-in-one for almost everyone  The Verge
…",https://www.wsj.com/articles/apples-new-ipad-pro-vs-macbook-air-the-best-m1-device-for-you-11621429204,https://images.wsj.net/im-340430/social,2021-05-19T13:00:00Z,"The gap between the Mac and the iPad is the tightest it has ever been. The iPad Pro is now powered by the same M1 chip as the MacBook Pro, while the latest MacBooks can run many iOS apps.
Wondering … [+981 chars]"
106,"{'id': 'the-wall-street-journal', 'name': 'The Wall Street Journal'}",wsj,AT&T Gets Do-Over. But Doesn't Have Much Time...,Telecom giant’s media retreat will pare debt and focus spending on competition with a newly empowered T-Mobile,https://www.wsj.com/articles/at-t-gets-a-do-over-but-it-doesnt-have-much-time-11621370432,https://images.wsj.net/im-339974/social,2021-05-18T21:00:10Z,"Once it sheds its media business,
AT&amp;T Inc.
 T -5.80%
will be a smaller, less-indebted company devoted to selling cellphone plans and broadband internet access.In other words, customers and in… [+5545 chars]"
107,"{'id': 'the-wall-street-journal', 'name': 'The Wall Street Journal'}",Joanna Stern,M1 iMac 24-Inch Review: Apple Built a Cool Desktop Computer for the iPhone Era,"An Apple M1 chip, an insanely thin design, a beautiful screen and a great webcam all bring the iMac into the modern age",https://www.wsj.com/articles/m1-imac-24-inch-review-apple-built-a-cool-desktop-computer-for-the-iphone-era-11621342802,https://images.wsj.net/im-339637/social,2021-05-18T13:05:28Z,"Available in bright colors with a matching keyboard and mouse, the iMac wasnt a boring, intimidating beige PC; it was the friendly, fun home computer.Today, the internet is in our smartphones, tablet… [+8203 chars]"
108,"{'id': 'the-wall-street-journal', 'name': 'The Wall Street Journal'}",Sarah E. Needleman,Parler Names George Farmer as CEO as It Returns to Apple’s App Store,"U.K. conservative succeeds interim chief Mark Meckler, who is leaving the company",https://www.wsj.com/articles/parler-names-george-farmer-as-ceo-as-it-returns-to-apples-app-store-11621268630,https://images.wsj.net/im-339833/social,2021-05-17T16:26:47Z,"Parler LLC on Monday named prominent U.K. conservative
George Farmer 
as its new chief executive and said that its social network has returned to Apple Inc.s App Store, the companys latest steps to… [+5668 chars]"
109,"{'id': 'the-wall-street-journal', 'name': 'The Wall Street Journal'}",Tim Higgins,Apple Set to Call Tim Cook Soon to Witness Stand to Fight Monopoly Claims - The Wall Street Journal,"<ol><li>Apple Set to Call Tim Cook Soon to Witness Stand to Fight Monopoly Claims  The Wall Street Journal
</li><li>Tech Talk - Epic vs. Apple lawsuit impact  FOX 13 News Utah
</li><li>Hire a Hacker To Spy On iPhone With Just The Number  Influencive
</li><…",https://www.wsj.com/articles/apple-set-to-call-tim-cook-soon-to-witness-stand-to-fight-monopoly-claims-11621245604,https://images.wsj.net/im-333434/social,2021-05-17T10:00:00Z,"Apple Inc. gets its turn this week to mount a courtroom defense against Epic Games Inc.s antitrust claims, preparing to bring in its most powerful spokesman: Tim Cook.
Mr. Cook, a guarded chief exec… [+1164 chars]"
